review_text,rating,date
고객센터 응대가 정말 만족스러웠습니다.,4,2026-03-01
생각보다 퀄리티가 좋아서 만족스럽습니다.,4,2026-03-02
배송이 일주일이나 걸렸어요. 너무 느립니다.,2,2026-03-02
고객센터 응대가 정말 만족스러웠습니다.,5,2026-03-03
품질이 사진보다 훨씬 좋아요. 재구매 의사 있습니다.,5,2026-03-03
포장은 평범했지만 배송기사님이 친절했어요.,4,2026-03-03
배송이 일주일이나 걸렸어요. 너무 느립니다.,1,2026-03-05
딱 가격만큼의 품질입니다. 무난해요.,3,2026-03-05
며칠 쓰니 바로 고장 났어요. 내구성이 별로예요.,1,2026-03-07
문의에 친절하고 빠르게 답변해 주셨어요.,4,2026-03-07
배송이 정말 빠르고 포장도 안전했습니다.,4,2026-03-07
품질이 사진보다 훨씬 좋아요. 재구매 의사 있습니다.,5,2026-03-09
박스는 조금 찌그러졌지만 제품은 멀쩡했어요.,3,2026-03-09
가격에 비해 구성이 빈약해요. 아쉽습니다.,2,2026-03-09
할인가로 샀는데 값어치를 톡톡히 하네요.,4,2026-03-11
택배가 계속 지연돼서 답답했습니다.,1,2026-03-11
생각보다 훨씬 빨리 받아봤습니다. 만족해요.,5,2026-03-11
마감이 깔끔하고 튼튼합니다. 추천해요.,4,2026-03-11
할인가로 샀는데 값어치를 톡톡히 하네요.,4,2026-03-13
교환 처리가 신속해서 좋았어요.,5,2026-03-14
교환 처리가 신속해서 좋았어요.,4,2026-03-15
며칠 쓰니 바로 고장 났어요. 내구성이 별로예요.,1,2026-03-15
이 가격에 이 정도면 정말 가성비 최고입니다.,4,2026-03-15
이 가격에 이 정도면 정말 가성비 최고입니다.,4,2026-03-16
가격 거품이 좀 있는 것 같습니다.,3,2026-03-16
받자마자 불량이었어요. 실밥이 다 터져 있네요.,2,2026-03-16
특별히 좋지도 나쁘지도 않은 평범한 제품이에요.,3,2026-03-17
배송이 정말 빠르고 포장도 안전했습니다.,4,2026-03-18
할인가로 샀는데 값어치를 톡톡히 하네요.,5,2026-03-18
배송 지연 안내도 없이 한참 기다렸네요.,2,2026-03-18
배송이 정말 빠르고 포장도 안전했습니다.,4,2026-03-18
특별히 좋지도 나쁘지도 않은 평범한 제품이에요.,3,2026-03-19
품질이 사진보다 훨씬 좋아요. 재구매 의사 있습니다.,4,2026-03-19
받자마자 불량이었어요. 실밥이 다 터져 있네요.,2,2026-03-19
포장은 평범했지만 배송기사님이 친절했어요.,4,2026-03-20
할인가로 샀는데 값어치를 톡톡히 하네요.,4,2026-03-22
할인가로 샀는데 값어치를 톡톡히 하네요.,5,2026-03-22
며칠 쓰니 바로 고장 났어요. 내구성이 별로예요.,1,2026-03-22
생각보다 훨씬 빨리 받아봤습니다. 만족해요.,5,2026-03-23
포장은 평범했지만 배송기사님이 친절했어요.,4,2026-03-25
배송이 정말 빠르고 포장도 안전했습니다.,4,2026-03-25
생각보다 훨씬 빨리 받아봤습니다. 만족해요.,5,2026-03-25
생각보다 훨씬 빨리 받아봤습니다. 만족해요.,5,2026-03-26
딱 가격만큼의 품질입니다. 무난해요.,3,2026-03-26
배송이 정말 빠르고 포장도 안전했습니다.,4,2026-03-27
포장은 평범했지만 배송기사님이 친절했어요.,3,2026-03-27
문의를 남겼는데 며칠째 답이 없네요.,2,2026-03-28
고객센터 연결이 아예 안 됩니다. 답답해요.,1,2026-03-29
배송이 정말 빠르고 포장도 안전했습니다.,5,2026-03-30
특별히 좋지도 나쁘지도 않은 평범한 제품이에요.,3,2026-03-30
배송이 정말 빠르고 포장도 안전했습니다.,4,2026-03-30
품질이 사진보다 훨씬 좋아요. 재구매 의사 있습니다.,5,2026-04-01
환불 처리가 너무 느리고 안내가 부실했어요.,1,2026-04-01
가격 거품이 좀 있는 것 같습니다.,3,2026-04-01
가격 대비 만족도가 아주 높습니다.,4,2026-04-01
마감이 깔끔하고 튼튼합니다. 추천해요.,5,2026-04-01
택배가 계속 지연돼서 답답했습니다.,2,2026-04-02
배송이 일주일이나 걸렸어요. 너무 느립니다.,2,2026-04-03
환불 처리가 너무 느리고 안내가 부실했어요.,2,2026-04-03
품질이 사진과 너무 달라 실망했습니다.,2,2026-04-03
품질이 사진과 너무 달라 실망했습니다.,1,2026-04-04
배송이 일주일이나 걸렸어요. 너무 느립니다.,2,2026-04-05
생각보다 훨씬 빨리 받아봤습니다. 만족해요.,5,2026-04-05
교환 처리가 신속해서 좋았어요.,5,2026-04-06
배송이 일주일이나 걸렸어요. 너무 느립니다.,1,2026-04-06
포장 상태는 무난했습니다. 특별할 건 없네요.,3,2026-04-06
택배가 계속 지연돼서 답답했습니다.,1,2026-04-07
박스는 조금 찌그러졌지만 제품은 멀쩡했어요.,3,2026-04-07
배송 지연 안내도 없이 한참 기다렸네요.,1,2026-04-08
생각보다 훨씬 빨리 받아봤습니다. 만족해요.,5,2026-04-08
고객센터 응대가 정말 만족스러웠습니다.,5,2026-04-10
고객센터 연결이 아예 안 됩니다. 답답해요.,2,2026-04-11
배송이 정말 빠르고 포장도 안전했습니다.,4,2026-04-11
받자마자 불량이었어요. 실밥이 다 터져 있네요.,1,2026-04-12
가격 거품이 좀 있는 것 같습니다.,3,2026-04-12
문의에 친절하고 빠르게 답변해 주셨어요.,5,2026-04-12
문의를 남겼는데 며칠째 답이 없네요.,2,2026-04-13
문의를 남겼는데 며칠째 답이 없네요.,2,2026-04-16
생각보다 비싼데 품질은 그저 그래요.,3,2026-04-16
고객센터 응대가 정말 만족스러웠습니다.,5,2026-04-18
포장 상태는 무난했습니다. 특별할 건 없네요.,4,2026-04-19
고객센터 연결이 아예 안 됩니다. 답답해요.,2,2026-04-19
배송이 일주일이나 걸렸어요. 너무 느립니다.,2,2026-04-19
가격 거품이 좀 있는 것 같습니다.,2,2026-04-19
할인가로 샀는데 값어치를 톡톡히 하네요.,5,2026-04-19
배송이 일주일이나 걸렸어요. 너무 느립니다.,2,2026-04-19
고객센터 연결이 아예 안 됩니다. 답답해요.,2,2026-04-20
포장 상태는 무난했습니다. 특별할 건 없네요.,4,2026-04-21
특별히 좋지도 나쁘지도 않은 평범한 제품이에요.,3,2026-04-22
포장은 평범했지만 배송기사님이 친절했어요.,3,2026-04-22
딱 가격만큼의 품질입니다. 무난해요.,3,2026-04-23
고객센터 연결이 아예 안 됩니다. 답답해요.,2,2026-04-23
포장 상태는 무난했습니다. 특별할 건 없네요.,3,2026-04-24
배송이 일주일이나 걸렸어요. 너무 느립니다.,1,2026-04-24
특별히 좋지도 나쁘지도 않은 평범한 제품이에요.,3,2026-04-24
가격 대비 만족도가 아주 높습니다.,5,2026-04-24
딱 가격만큼의 품질입니다. 무난해요.,3,2026-04-26
품질이 사진과 너무 달라 실망했습니다.,2,2026-04-26
포장 상태는 무난했습니다. 특별할 건 없네요.,3,2026-04-27
고객센터 연결이 아예 안 됩니다. 답답해요.,1,2026-04-27
배송 지연 안내도 없이 한참 기다렸네요.,2,2026-04-27
환불 처리가 너무 느리고 안내가 부실했어요.,2,2026-04-28
택배가 계속 지연돼서 답답했습니다.,1,2026-04-28
문의에 친절하고 빠르게 답변해 주셨어요.,4,2026-04-28
가격 거품이 좀 있는 것 같습니다.,2,2026-04-28
특별히 좋지도 나쁘지도 않은 평범한 제품이에요.,3,2026-04-30
교환 처리가 신속해서 좋았어요.,4,2026-05-01
생각보다 훨씬 빨리 받아봤습니다. 만족해요.,5,2026-05-01
포장 상태는 무난했습니다. 특별할 건 없네요.,4,2026-05-01
특별히 좋지도 나쁘지도 않은 평범한 제품이에요.,3,2026-05-02
가격 거품이 좀 있는 것 같습니다.,3,2026-05-02
가격 거품이 좀 있는 것 같습니다.,3,2026-05-03
택배가 계속 지연돼서 답답했습니다.,2,2026-05-03
택배가 계속 지연돼서 답답했습니다.,2,2026-05-03
가격에 비해 구성이 빈약해요. 아쉽습니다.,2,2026-05-03
할인가로 샀는데 값어치를 톡톡히 하네요.,4,2026-05-04
며칠 쓰니 바로 고장 났어요. 내구성이 별로예요.,2,2026-05-04
받자마자 불량이었어요. 실밥이 다 터져 있네요.,2,2026-05-05
포장은 평범했지만 배송기사님이 친절했어요.,3,2026-05-05
주문한 다음 날 바로 도착해서 놀랐어요.,5,2026-05-06
며칠 쓰니 바로 고장 났어요. 내구성이 별로예요.,2,2026-05-07
특별히 좋지도 나쁘지도 않은 평범한 제품이에요.,3,2026-05-07
배송이 일주일이나 걸렸어요. 너무 느립니다.,2,2026-05-07
이 가격에 이 정도면 정말 가성비 최고입니다.,4,2026-05-08
박스는 조금 찌그러졌지만 제품은 멀쩡했어요.,4,2026-05-08
받자마자 불량이었어요. 실밥이 다 터져 있네요.,1,2026-05-08
배송이 정말 빠르고 포장도 안전했습니다.,4,2026-05-08
마감이 깔끔하고 튼튼합니다. 추천해요.,4,2026-05-09
받자마자 불량이었어요. 실밥이 다 터져 있네요.,2,2026-05-09
생각보다 훨씬 빨리 받아봤습니다. 만족해요.,4,2026-05-09
포장 상태는 무난했습니다. 특별할 건 없네요.,4,2026-05-10
배송이 정말 빠르고 포장도 안전했습니다.,5,2026-05-10
며칠 쓰니 바로 고장 났어요. 내구성이 별로예요.,2,2026-05-11
배송이 일주일이나 걸렸어요. 너무 느립니다.,1,2026-05-11
가격 거품이 좀 있는 것 같습니다.,3,2026-05-11
고객센터 응대가 정말 만족스러웠습니다.,4,2026-05-14
택배가 계속 지연돼서 답답했습니다.,2,2026-05-14
포장은 평범했지만 배송기사님이 친절했어요.,3,2026-05-14
생각보다 훨씬 빨리 받아봤습니다. 만족해요.,5,2026-05-15
생각보다 훨씬 빨리 받아봤습니다. 만족해요.,4,2026-05-15
배송 지연 안내도 없이 한참 기다렸네요.,1,2026-05-16
딱 가격만큼의 품질입니다. 무난해요.,3,2026-05-16
배송 지연 안내도 없이 한참 기다렸네요.,2,2026-05-16
택배가 계속 지연돼서 답답했습니다.,1,2026-05-18
고객센터 연결이 아예 안 됩니다. 답답해요.,2,2026-05-19
배송 지연 안내도 없이 한참 기다렸네요.,1,2026-05-20
고객센터 응대가 정말 만족스러웠습니다.,5,2026-05-20
포장은 평범했지만 배송기사님이 친절했어요.,4,2026-05-22
배송 지연 안내도 없이 한참 기다렸네요.,2,2026-05-24
가격 거품이 좀 있는 것 같습니다.,2,2026-05-25
포장은 평범했지만 배송기사님이 친절했어요.,4,2026-05-26
할인가로 샀는데 값어치를 톡톡히 하네요.,4,2026-05-26
환불 처리가 너무 느리고 안내가 부실했어요.,2,2026-05-27
생각보다 훨씬 빨리 받아봤습니다. 만족해요.,4,2026-05-27
가격 대비 만족도가 아주 높습니다.,4,2026-05-27
포장은 평범했지만 배송기사님이 친절했어요.,4,2026-05-29
택배가 계속 지연돼서 답답했습니다.,1,2026-05-30
문의를 남겼는데 며칠째 답이 없네요.,1,2026-05-31
이 가격에 이 정도면 정말 가성비 최고입니다.,5,2026-05-31
며칠 쓰니 바로 고장 났어요. 내구성이 별로예요.,2,2026-05-31
배송 지연 안내도 없이 한참 기다렸네요.,1,2026-05-31
할인가로 샀는데 값어치를 톡톡히 하네요.,4,2026-06-01
생각보다 비싼데 품질은 그저 그래요.,2,2026-06-01
할인가로 샀는데 값어치를 톡톡히 하네요.,5,2026-06-03
품질이 사진과 너무 달라 실망했습니다.,1,2026-06-05
딱 가격만큼의 품질입니다. 무난해요.,3,2026-06-06
생각보다 퀄리티가 좋아서 만족스럽습니다.,5,2026-06-06
포장은 평범했지만 배송기사님이 친절했어요.,3,2026-06-07
문의를 남겼는데 며칠째 답이 없네요.,2,2026-06-07
환불 처리가 너무 느리고 안내가 부실했어요.,1,2026-06-08
받자마자 불량이었어요. 실밥이 다 터져 있네요.,2,2026-06-09
포장은 평범했지만 배송기사님이 친절했어요.,3,2026-06-10
품질이 사진보다 훨씬 좋아요. 재구매 의사 있습니다.,4,2026-06-11
생각보다 비싼데 품질은 그저 그래요.,3,2026-06-12
이 가격에 이 정도면 정말 가성비 최고입니다.,4,2026-06-12
배송이 정말 빠르고 포장도 안전했습니다.,4,2026-06-12
배송이 일주일이나 걸렸어요. 너무 느립니다.,2,2026-06-13
가격 거품이 좀 있는 것 같습니다.,3,2026-06-13
딱 가격만큼의 품질입니다. 무난해요.,3,2026-06-14
받자마자 불량이었어요. 실밥이 다 터져 있네요.,1,2026-06-14
이 가격에 이 정도면 정말 가성비 최고입니다.,4,2026-06-17
문의에 친절하고 빠르게 답변해 주셨어요.,5,2026-06-18
품질이 사진보다 훨씬 좋아요. 재구매 의사 있습니다.,5,2026-06-19
가격 거품이 좀 있는 것 같습니다.,3,2026-06-19
할인가로 샀는데 값어치를 톡톡히 하네요.,4,2026-06-19
택배가 계속 지연돼서 답답했습니다.,2,2026-06-20
이 가격에 이 정도면 정말 가성비 최고입니다.,4,2026-06-20
배송이 정말 빠르고 포장도 안전했습니다.,5,2026-06-22
고객센터 연결이 아예 안 됩니다. 답답해요.,2,2026-06-22
가격에 비해 구성이 빈약해요. 아쉽습니다.,2,2026-06-24
생각보다 훨씬 빨리 받아봤습니다. 만족해요.,4,2026-06-24
마감이 깔끔하고 튼튼합니다. 추천해요.,5,2026-06-24
배송이 정말 빠르고 포장도 안전했습니다.,4,2026-06-24
주문한 다음 날 바로 도착해서 놀랐어요.,4,2026-06-24
박스는 조금 찌그러졌지만 제품은 멀쩡했어요.,3,2026-06-26
생각보다 훨씬 빨리 받아봤습니다. 만족해요.,5,2026-06-27
포장 상태는 무난했습니다. 특별할 건 없네요.,4,2026-06-28
가격 거품이 좀 있는 것 같습니다.,2,2026-06-28
문의를 남겼는데 며칠째 답이 없네요.,2,2026-06-28
특별히 좋지도 나쁘지도 않은 평범한 제품이에요.,3,2026-06-29
