Date,Product,Price,Quantity
2025-01-01,카페라떼,5000,1
2025-01-01,카푸치노,5000,1
2025-01-01,카페라떼,5000,2
2025-01-01,카페라떼,5000,1
2025-01-01,아메리카노,4500,1
2025-01-01,크루아상,4500,2
2025-01-01,카푸치노,5000,2
2025-01-01,크루아상,4500,1
2025-01-02,크로플,6000,2
2025-01-02,바닐라라떼,5500,2
2025-01-02,크로플,6000,1
2025-01-02,카페라떼,5000,1
2025-01-02,치즈케이크,6500,2
2025-01-02,크로플,6000,2
2025-01-02,샌드위치,7000,1
2025-01-03,크루아상,4500,1
2025-01-03,휘낭시에,3500,2
2025-01-03,휘낭시에,3500,1
2025-01-04,카푸치노,5000,2
2025-01-04,카푸치노,5000,2
2025-01-04,크로플,6000,1
2025-01-05,치즈케이크,6500,1
2025-01-05,크로플,6000,2
2025-01-05,카페라떼,5000,2
2025-01-05,크루아상,4500,2
2025-01-06,스콘,4000,1
2025-01-06,크루아상,4500,1
2025-01-06,아메리카노,4500,1
2025-01-06,치즈케이크,6500,1
2025-01-06,카푸치노,5000,3
2025-01-06,치즈케이크,6500,1
2025-01-07,샌드위치,7000,1
2025-01-07,카푸치노,5000,2
2025-01-07,크로플,6000,2
2025-01-07,휘낭시에,3500,1
2025-01-07,바닐라라떼,5500,1
2025-01-07,아메리카노,4500,2
2025-01-08,바닐라라떼,5500,2
2025-01-08,휘낭시에,3500,1
2025-01-08,휘낭시에,3500,3
2025-01-08,크로플,6000,3
2025-01-08,카페라떼,5000,2
2025-01-08,크로플,6000,2
2025-01-08,카페라떼,5000,1
2025-01-08,샌드위치,7000,1
2025-01-09,크로플,6000,3
2025-01-09,크루아상,4500,3
2025-01-09,크로플,6000,2
2025-01-09,휘낭시에,3500,1
2025-01-09,바닐라라떼,5500,1
2025-01-09,아메리카노,4500,1
2025-01-09,아메리카노,4500,1
2025-01-09,크로플,6000,1
2025-01-10,카페라떼,5000,1
2025-01-10,카페라떼,5000,3
2025-01-10,바닐라라떼,5500,1
2025-01-10,크루아상,4500,1
2025-01-10,휘낭시에,3500,1
2025-01-10,크루아상,4500,2
2025-01-10,카푸치노,5000,2
2025-01-11,치즈케이크,6500,1
2025-01-11,샌드위치,7000,1
2025-01-11,카페라떼,5000,1
2025-01-11,크루아상,4500,1
2025-01-11,아메리카노,4500,1
2025-01-11,아메리카노,4500,1
2025-01-11,치즈케이크,6500,1
2025-01-11,크로플,6000,2
2025-01-12,바닐라라떼,5500,2
2025-01-12,휘낭시에,3500,1
2025-01-12,스콘,4000,1
2025-01-12,스콘,4000,1
2025-01-12,샌드위치,7000,2
2025-01-12,카페라떼,5000,1
2025-01-12,치즈케이크,6500,2
2025-01-13,카푸치노,5000,1
2025-01-13,바닐라라떼,5500,1
2025-01-13,샌드위치,7000,1
2025-01-13,샌드위치,7000,2
2025-01-14,아메리카노,4500,2
2025-01-14,아메리카노,4500,3
2025-01-14,바닐라라떼,5500,1
2025-01-15,스콘,4000,3
2025-01-15,스콘,4000,1
2025-01-15,크로플,6000,3
2025-01-15,크로플,6000,1
2025-01-16,크루아상,4500,2
2025-01-16,바닐라라떼,5500,1
2025-01-16,아메리카노,4500,1
2025-01-16,아메리카노,4500,2
2025-01-16,아메리카노,4500,1
2025-01-16,크루아상,4500,1
2025-01-16,카페라떼,5000,2
2025-01-16,휘낭시에,3500,1
2025-01-16,스콘,4000,1
2025-01-17,휘낭시에,3500,1
2025-01-17,카페라떼,5000,1
2025-01-17,휘낭시에,3500,1
2025-01-17,카푸치노,5000,2
2025-01-18,크로플,6000,1
2025-01-18,크로플,6000,1
2025-01-18,아메리카노,4500,1
2025-01-18,카페라떼,5000,1
2025-01-19,크로플,6000,1
2025-01-19,카페라떼,5000,2
2025-01-19,크로플,6000,1
2025-01-19,크로플,6000,2
2025-01-19,크루아상,4500,1
2025-01-19,크로플,6000,3
2025-01-19,바닐라라떼,5500,1
2025-01-20,크루아상,4500,1
2025-01-20,휘낭시에,3500,1
2025-01-20,카푸치노,5000,2
2025-01-20,크루아상,4500,1
2025-01-20,카페라떼,5000,2
2025-01-20,아메리카노,4500,1
2025-01-20,크로플,6000,1
2025-01-20,크루아상,4500,2
2025-01-21,카페라떼,5000,1
2025-01-21,바닐라라떼,5500,1
2025-01-21,휘낭시에,3500,1
2025-01-22,아메리카노,4500,1
2025-01-22,치즈케이크,6500,1
2025-01-22,카페라떼,5000,1
2025-01-22,스콘,4000,3
2025-01-23,카푸치노,5000,2
2025-01-23,스콘,4000,1
2025-01-23,치즈케이크,6500,2
2025-01-23,카푸치노,5000,1
2025-01-24,스콘,4000,2
2025-01-24,카푸치노,5000,1
2025-01-24,치즈케이크,6500,1
2025-01-25,아메리카노,4500,2
2025-01-25,치즈케이크,6500,1
2025-01-25,크로플,6000,1
2025-01-25,스콘,4000,2
2025-01-26,아메리카노,4500,1
2025-01-26,바닐라라떼,5500,1
2025-01-26,아메리카노,4500,1
2025-01-26,치즈케이크,6500,2
2025-01-26,스콘,4000,2
2025-01-27,스콘,4000,2
2025-01-27,크로플,6000,1
2025-01-27,아메리카노,4500,1
2025-01-28,카푸치노,5000,1
2025-01-28,치즈케이크,6500,2
2025-01-28,카페라떼,5000,2
2025-01-28,크루아상,4500,1
2025-01-28,치즈케이크,6500,1
2025-01-28,크루아상,4500,1
2025-01-28,스콘,4000,2
2025-01-28,휘낭시에,3500,1
2025-01-29,아메리카노,4500,1
2025-01-29,스콘,4000,2
2025-01-29,치즈케이크,6500,1
2025-01-29,카푸치노,5000,1
2025-01-29,바닐라라떼,5500,2
2025-01-29,크루아상,4500,2
2025-01-29,치즈케이크,6500,1
2025-01-30,크로플,6000,1
2025-01-30,바닐라라떼,5500,1
2025-01-30,샌드위치,7000,2
2025-01-30,샌드위치,7000,1
2025-01-30,휘낭시에,3500,1
2025-01-30,스콘,4000,1
2025-01-30,바닐라라떼,5500,2
2025-01-30,카페라떼,5000,2
2025-01-31,크루아상,4500,1
2025-01-31,카푸치노,5000,3
2025-01-31,샌드위치,7000,1
2025-01-31,크루아상,4500,3
2025-02-01,샌드위치,7000,2
2025-02-01,크루아상,4500,1
2025-02-01,샌드위치,7000,2
2025-02-01,샌드위치,7000,1
2025-02-01,크로플,6000,2
2025-02-02,카푸치노,5000,1
2025-02-02,크로플,6000,1
2025-02-02,치즈케이크,6500,2
2025-02-02,바닐라라떼,5500,1
2025-02-02,바닐라라떼,5500,2
2025-02-02,스콘,4000,1
2025-02-03,스콘,4000,1
2025-02-03,스콘,4000,3
2025-02-03,아메리카노,4500,2
2025-02-03,스콘,4000,1
2025-02-03,크로플,6000,2
2025-02-03,크루아상,4500,2
2025-02-04,휘낭시에,3500,2
2025-02-04,카푸치노,5000,1
2025-02-04,아메리카노,4500,1
2025-02-04,스콘,4000,2
2025-02-04,바닐라라떼,5500,3
2025-02-04,아메리카노,4500,3
2025-02-04,휘낭시에,3500,2
2025-02-04,스콘,4000,1
2025-02-04,바닐라라떼,5500,1
2025-02-05,카푸치노,5000,1
2025-02-05,스콘,4000,1
2025-02-05,크로플,6000,2
2025-02-05,아메리카노,4500,2
2025-02-05,치즈케이크,6500,1
2025-02-06,아메리카노,4500,2
2025-02-06,카푸치노,5000,2
2025-02-06,바닐라라떼,5500,1
2025-02-06,카페라떼,5000,1
2025-02-06,샌드위치,7000,2
2025-02-06,바닐라라떼,5500,2
2025-02-06,카페라떼,5000,2
2025-02-06,크로플,6000,1
2025-02-06,크로플,6000,1
2025-02-07,카푸치노,5000,1
2025-02-07,카푸치노,5000,1
2025-02-07,휘낭시에,3500,2
2025-02-07,아메리카노,4500,1
2025-02-07,치즈케이크,6500,1
2025-02-07,치즈케이크,6500,1
2025-02-08,샌드위치,7000,1
2025-02-08,샌드위치,7000,2
2025-02-08,바닐라라떼,5500,2
2025-02-08,크로플,6000,2
2025-02-08,샌드위치,7000,1
2025-02-08,휘낭시에,3500,1
2025-02-08,카페라떼,5000,1
2025-02-08,카푸치노,5000,2
2025-02-08,휘낭시에,3500,2
2025-02-09,샌드위치,7000,2
2025-02-09,샌드위치,7000,1
2025-02-09,치즈케이크,6500,1
2025-02-10,크로플,6000,1
2025-02-10,카푸치노,5000,1
2025-02-10,스콘,4000,1
2025-02-10,샌드위치,7000,2
2025-02-10,샌드위치,7000,2
2025-02-10,크로플,6000,1
2025-02-10,카푸치노,5000,1
2025-02-10,치즈케이크,6500,1
2025-02-11,스콘,4000,3
2025-02-11,치즈케이크,6500,1
2025-02-11,크로플,6000,1
2025-02-11,카페라떼,5000,2
2025-02-11,카페라떼,5000,2
2025-02-12,카푸치노,5000,1
2025-02-12,크로플,6000,2
2025-02-12,휘낭시에,3500,1
2025-02-12,카푸치노,5000,1
2025-02-13,크로플,6000,1
2025-02-13,바닐라라떼,5500,1
2025-02-13,크루아상,4500,1
2025-02-13,샌드위치,7000,1
2025-02-14,크로플,6000,1
2025-02-14,치즈케이크,6500,1
2025-02-14,크로플,6000,3
2025-02-14,카페라떼,5000,2
2025-02-14,샌드위치,7000,1
2025-02-14,아메리카노,4500,1
2025-02-14,크로플,6000,1
2025-02-15,크루아상,4500,2
2025-02-15,휘낭시에,3500,2
2025-02-15,크루아상,4500,1
2025-02-16,휘낭시에,3500,3
2025-02-16,휘낭시에,3500,2
2025-02-16,카페라떼,5000,3
2025-02-16,카푸치노,5000,1
2025-02-16,바닐라라떼,5500,1
2025-02-17,바닐라라떼,5500,1
2025-02-17,휘낭시에,3500,1
2025-02-17,카푸치노,5000,1
2025-02-18,샌드위치,7000,1
2025-02-18,크로플,6000,2
2025-02-18,휘낭시에,3500,2
2025-02-18,스콘,4000,1
2025-02-18,바닐라라떼,5500,3
2025-02-18,카페라떼,5000,1
2025-02-18,휘낭시에,3500,2
2025-02-18,크로플,6000,1
2025-02-19,크로플,6000,2
2025-02-19,크루아상,4500,1
2025-02-19,카페라떼,5000,1
2025-02-19,치즈케이크,6500,2
2025-02-19,카페라떼,5000,1
2025-02-19,휘낭시에,3500,1
2025-02-19,크로플,6000,1
2025-02-19,샌드위치,7000,1
2025-02-20,바닐라라떼,5500,3
2025-02-20,샌드위치,7000,3
2025-02-20,치즈케이크,6500,1
2025-02-20,카페라떼,5000,2
2025-02-20,스콘,4000,2
2025-02-21,스콘,4000,2
2025-02-21,아메리카노,4500,1
2025-02-21,크로플,6000,1
2025-02-21,크루아상,4500,2
2025-02-21,크루아상,4500,1
2025-02-21,카푸치노,5000,1
2025-02-21,샌드위치,7000,2
2025-02-21,카푸치노,5000,1
2025-02-22,샌드위치,7000,2
2025-02-22,카페라떼,5000,1
2025-02-22,휘낭시에,3500,2
2025-02-22,바닐라라떼,5500,1
2025-02-22,크루아상,4500,1
2025-02-23,카페라떼,5000,1
2025-02-23,바닐라라떼,5500,1
2025-02-23,크로플,6000,1
2025-02-23,스콘,4000,2
2025-02-23,카푸치노,5000,1
2025-02-23,스콘,4000,1
2025-02-23,크루아상,4500,2
2025-02-23,카페라떼,5000,1
2025-02-23,치즈케이크,6500,3
2025-02-24,아메리카노,4500,1
2025-02-24,휘낭시에,3500,1
2025-02-24,샌드위치,7000,2
2025-02-24,크루아상,4500,1
2025-02-24,크루아상,4500,2
2025-02-25,치즈케이크,6500,2
2025-02-25,카푸치노,5000,1
2025-02-25,스콘,4000,1
2025-02-25,샌드위치,7000,2
2025-02-25,스콘,4000,3
2025-02-25,바닐라라떼,5500,1
2025-02-26,크루아상,4500,3
2025-02-26,카페라떼,5000,2
2025-02-26,카페라떼,5000,1
2025-02-26,아메리카노,4500,2
2025-02-27,바닐라라떼,5500,1
2025-02-27,치즈케이크,6500,2
2025-02-27,카페라떼,5000,2
2025-02-27,크루아상,4500,1
2025-02-27,샌드위치,7000,2
2025-02-27,휘낭시에,3500,1
2025-02-27,크로플,6000,3
2025-02-27,카페라떼,5000,1
2025-02-27,카페라떼,5000,1
2025-02-28,아메리카노,4500,1
2025-02-28,크로플,6000,1
2025-02-28,바닐라라떼,5500,1
2025-02-28,휘낭시에,3500,2
2025-02-28,바닐라라떼,5500,1
2025-03-01,스콘,4000,2
2025-03-01,샌드위치,7000,3
2025-03-01,카푸치노,5000,1
2025-03-01,샌드위치,7000,1
2025-03-01,샌드위치,7000,3
2025-03-01,크루아상,4500,1
2025-03-01,치즈케이크,6500,3
2025-03-01,스콘,4000,2
2025-03-01,크로플,6000,1
2025-03-02,샌드위치,7000,1
2025-03-02,휘낭시에,3500,1
2025-03-02,크로플,6000,1
2025-03-02,스콘,4000,1
2025-03-02,아메리카노,4500,3
2025-03-02,샌드위치,7000,2
2025-03-02,카푸치노,5000,2
2025-03-02,카푸치노,5000,2
2025-03-02,크로플,6000,2
2025-03-03,바닐라라떼,5500,2
2025-03-03,아메리카노,4500,1
2025-03-03,아메리카노,4500,1
2025-03-03,바닐라라떼,5500,1
2025-03-03,치즈케이크,6500,2
2025-03-03,카푸치노,5000,1
2025-03-03,치즈케이크,6500,1
2025-03-03,바닐라라떼,5500,1
2025-03-03,크로플,6000,2
2025-03-04,카페라떼,5000,1
2025-03-04,바닐라라떼,5500,2
2025-03-04,스콘,4000,3
2025-03-04,치즈케이크,6500,1
2025-03-04,아메리카노,4500,1
2025-03-04,샌드위치,7000,1
2025-03-04,크로플,6000,1
2025-03-04,치즈케이크,6500,1
2025-03-04,샌드위치,7000,1
2025-03-05,휘낭시에,3500,1
2025-03-05,샌드위치,7000,3
2025-03-05,스콘,4000,1
2025-03-05,아메리카노,4500,1
2025-03-05,카페라떼,5000,1
2025-03-06,스콘,4000,1
2025-03-06,크루아상,4500,1
2025-03-06,바닐라라떼,5500,2
2025-03-06,카페라떼,5000,2
2025-03-07,크로플,6000,1
2025-03-07,카푸치노,5000,1
2025-03-07,치즈케이크,6500,1
2025-03-07,치즈케이크,6500,1
2025-03-07,치즈케이크,6500,1
2025-03-07,카푸치노,5000,3
2025-03-08,카푸치노,5000,2
2025-03-08,아메리카노,4500,1
2025-03-08,카푸치노,5000,3
2025-03-09,카페라떼,5000,2
2025-03-09,카푸치노,5000,1
2025-03-09,치즈케이크,6500,2
2025-03-09,아메리카노,4500,1
2025-03-10,크루아상,4500,1
2025-03-10,카페라떼,5000,2
2025-03-10,바닐라라떼,5500,1
2025-03-10,휘낭시에,3500,1
2025-03-11,아메리카노,4500,1
2025-03-11,크루아상,4500,1
2025-03-11,샌드위치,7000,1
2025-03-11,크루아상,4500,1
2025-03-11,크루아상,4500,1
2025-03-12,크루아상,4500,1
2025-03-12,아메리카노,4500,1
2025-03-12,스콘,4000,1
2025-03-13,샌드위치,7000,1
2025-03-13,치즈케이크,6500,2
2025-03-13,바닐라라떼,5500,1
2025-03-13,휘낭시에,3500,1
2025-03-13,스콘,4000,3
2025-03-13,크로플,6000,1
2025-03-14,카페라떼,5000,2
2025-03-14,크루아상,4500,2
2025-03-14,스콘,4000,1
2025-03-14,스콘,4000,1
2025-03-14,스콘,4000,1
2025-03-14,치즈케이크,6500,1
2025-03-15,치즈케이크,6500,3
2025-03-15,샌드위치,7000,1
2025-03-15,카페라떼,5000,1
2025-03-15,치즈케이크,6500,2
2025-03-15,아메리카노,4500,1
2025-03-16,치즈케이크,6500,2
2025-03-16,치즈케이크,6500,2
2025-03-16,아메리카노,4500,3
2025-03-16,크로플,6000,1
2025-03-16,크루아상,4500,1
2025-03-16,샌드위치,7000,1
2025-03-16,치즈케이크,6500,2
2025-03-17,크로플,6000,1
2025-03-17,크루아상,4500,3
2025-03-17,휘낭시에,3500,2
2025-03-18,휘낭시에,3500,3
2025-03-18,크로플,6000,1
2025-03-18,크로플,6000,3
2025-03-19,바닐라라떼,5500,2
2025-03-19,스콘,4000,1
2025-03-19,아메리카노,4500,1
2025-03-20,스콘,4000,1
2025-03-20,바닐라라떼,5500,1
2025-03-20,치즈케이크,6500,2
2025-03-20,휘낭시에,3500,1
2025-03-21,바닐라라떼,5500,2
2025-03-21,카페라떼,5000,1
2025-03-21,스콘,4000,1
2025-03-21,스콘,4000,1
2025-03-22,치즈케이크,6500,1
2025-03-22,휘낭시에,3500,1
2025-03-22,크로플,6000,1
2025-03-23,아메리카노,4500,1
2025-03-23,카푸치노,5000,2
2025-03-23,크로플,6000,1
2025-03-23,샌드위치,7000,2
2025-03-23,바닐라라떼,5500,1
2025-03-23,카푸치노,5000,1
2025-03-23,치즈케이크,6500,1
2025-03-24,스콘,4000,1
2025-03-24,치즈케이크,6500,1
2025-03-24,스콘,4000,2
2025-03-25,카페라떼,5000,1
2025-03-25,바닐라라떼,5500,2
2025-03-25,샌드위치,7000,2
2025-03-25,카페라떼,5000,1
2025-03-25,카푸치노,5000,1
2025-03-26,카페라떼,5000,1
2025-03-26,치즈케이크,6500,1
2025-03-26,카페라떼,5000,1
2025-03-26,크루아상,4500,1
2025-03-26,치즈케이크,6500,2
2025-03-26,바닐라라떼,5500,1
2025-03-26,크로플,6000,1
2025-03-27,카페라떼,5000,1
2025-03-27,샌드위치,7000,1
2025-03-27,휘낭시에,3500,1
2025-03-27,휘낭시에,3500,1
2025-03-28,바닐라라떼,5500,1
2025-03-28,샌드위치,7000,2
2025-03-28,휘낭시에,3500,1
2025-03-28,카페라떼,5000,1
2025-03-28,아메리카노,4500,1
2025-03-29,카페라떼,5000,2
2025-03-29,스콘,4000,1
2025-03-29,아메리카노,4500,1
2025-03-30,카푸치노,5000,1
2025-03-30,크루아상,4500,1
2025-03-30,샌드위치,7000,1
2025-03-30,카페라떼,5000,1
2025-03-30,아메리카노,4500,1
2025-03-30,샌드위치,7000,1
2025-03-30,바닐라라떼,5500,1
2025-03-30,스콘,4000,1
2025-03-31,휘낭시에,3500,1
2025-03-31,치즈케이크,6500,1
2025-03-31,크루아상,4500,2
2025-03-31,크로플,6000,2
2025-03-31,휘낭시에,3500,2
2025-03-31,카페라떼,5000,1
2025-03-31,치즈케이크,6500,1
2025-03-31,스콘,4000,1
